Part Number,Quantity
6305(NACHi),21
6305ZZE(NACHi),7
6004(NACHi),67
6204(NACHi),9
6304(NACHi),19
6302(NACHi),11
6301(NACHi),18
63|22X(NACHi),22
6203(NACHi),10
6003(NACHi),9
6002(NACHi),2
6201(NACHi),19
6001(NACHi),109
6000(NACHi),16
6300(NACHi),25
6200(NACHi),33
6202(NACHi),16
63|28(NACHi),7
SAAA111081(SA),4
SADD191125(SA),0
SAFA141015(SA),19
SA24140112(SA),2
SAVNAA111085A(SA),10
SA24100805(SA),3
SABA132171(SA),79
SAAE101015(SA),1
GKAE1001(SA),5
GKAE1002(SA),50
SAAA111095(SA),1
SAAL241285(SA),5
GK36AE00(SA),45
SAAA171006(SA),1
SA06101007(SA),53
AE101006(YL),3
52AB0098(YL),2
DU101190(YL),1
AZ621019(YL),3
24161149(YL),15
DS191013(YL),5
JA531011(YL),7
DS109905(YL),9
DS101036(YL),1
AE101014(YL),1
AE101016(YL),27
DH171013(YL),2
BA132171(YL),8
AA161215(YL),2
52244040(YL),2
BB121029(YL),0
35101059(YL),19
AA201185(YL),4
AN101012(YL),0
AN101328(YL),1
22171007(YL),10
24171024(YL),10
AA101565(YL),2
AN101166(YL),8
AA101162(YL),10
DH101484(YL),3
DX101054(YL),1
AB171003(YL),1
AA111091(YL),2
DJ191023(YL),1
36AA4032(YL),3
36DH4041(YL),2
24101056(YL),3
AA201041(YL),11
AA101624(YL),3
AN101308(YL),3
AL201012(YL),3
AZ161000(YL),1
AA171006(YL),0
DH111012(YL),4
06101213(YL),3
AA101364(YL),2
06101007(YL),8
24101177(YL),6
AZ351002(YL),4
06100702(YL),5
AA111031(YL),3
JA541019(YL),10
CD101008(YL),14
DS101336(YL),52
24191019(YL),40
36311014(YL),40
36DK0005(YL),5
36DU1504(YL),20
36JA0002(YL),5
36JZ0003(YL),1
39105315(YL),100
39193815(YL),20
39214124(YL),210
52Jl0066(YL),2
AA101013(YL),10
AA101392(YL),2
PA151014(YL),15
DG141019(YL),40
DH181022(YL),10
DJ151077(YL),2
DJ201035(YL),10
DL191014(YL),100
DM191009(YL),2
DS101335(YL),20
DS181045(YL),5
AA171027(YL),1
AN101033(YL),2