Part Number,Quantity,Unit Price,Notes
DU191045,5,2480,
DU191033,3,3550,
DU191031,1,2870,
DH111072,5,6980,
DJ111098,2,6380,
DU111017,3,5700,
DU111001,12,3920,
JW351200,2,8660,
DJ111092,1,6820,
JA351200,4,6950,
PA351213,2,7560,
DK111073,1,6670,
JE351246,2,6300,
JB351201,1,5840,
DJ201165,1,11190,
DU101278,16,2140,
JD551000,3,2380,
DS101046,4,2720,
DH102285,2,1110,
JW531004,2,2100,
DS101291,1,2440,
DK101471,1,3490,
15101122,109,200,
CB101114,167,140,
13101165,68,150,
31101014,210,70,
39218919,5,210,
39218819,72,190,
AA101736,11,1310,
AA111132,2,1740,
AA111134,4,1890,
AN111017,5,1140,
36AA4032,26,4420,
AA101392,4,3230,
AA101864,4,4640,
AA101048,1,7900,
AA101666,27,3690,
BF531058,1,1870,
AN101338,10,4280,
AN101328,3,3850,
AA101056,8,3470,
AN101339,14,2810,
AA101555,7,3700,
AA101057,11,5440,
JN181004,10,450,
AA101046,1,3800,
AA111093,4,1580,
PD401014,3,1580,
AA111081,5,1510,
AA111080,2,1070,
24201415,3,1340,
AL201039,1,1100,
BH401004,2,190,
DH101188,22,2160,
JL511219,3,630,
JD511004,9,800,
AN101181,13,670,
JF511052,2,540,
DH111012,11,1020,
JB511018,2,690,
CL201023,66,530,
PF511061,3,680,
AZ351002,1,7060,
AN111013,13,5520,
AA111203,4,6470,
AA201239,9,1120,
36AA4028,6,1950,
AA181028,1,4540,
DH201077,1,1250,
24181153,3,5140,
AA181019,2,4760,
AA181015,1,4200,
24101050,23,2270,
AA201185,5,1380,
AA111122,10,6290,
AA201048,6,620,
AF111016,1,6470,
AA111178,2,6000,
AA111091,11,3910,
24111128,2,1760,
AA111156,25,5800,
3100802,4,620,
35101178,10,3230,
35101170,11,840,
24171118,1,4410,
AA131033,2,2730,
24101055,6,6900,
AN101198,11,2000,
AN101379,4,4010,
AE131011,3,6520,
AA131002,4,9290,
AN101336,6,7550,
JG591100,35,80,
AA102193,16,190,
AN101155,14,710,
LAD00164,22,370,
39218106,84,70,
AA102110,21,110,
39252820,81,330,
AA102114,4,140,
DK101277,15,100,
DS161069,13,30,
DS101036,656,1350,
DH101050,162,1100,
JL511222,4,2860,
DH161158,243,40,
AA101015,15,130,
AA101116,150,630,
AA101134,81,540,
AA101569,134,960,
31101033,485,1130,
36DS1801,9,710,
DS191037,1,320,
PF561200,2,1560,
DK101733,4,1920,
JH561402,4,1240,
DD121181,579,250,
DS101077,6,2180,
DU101103,8,1770,
DS121003,1,210,
DT131826,1,5980,
JF131806,1,11750,
DK151012,4,180,
DK181019,54,600,
DK181021,13,310,
DG181021,5,510,
PF121073,7,540,
DU181108,1,450,
DG181023,26,690,
DD181011,5,280,
FA171008,2,330,
AN101135,45,270,
AN101149,23,840,
AP201026,5,390,
36AA4021,11,1270,
36AA4020,29,1430,
PA161202,4,810,
PA161203,2,800,
PD161204,1,700,
DU191006,11,890,
DS191001,20,760,
DU191047,16,920,
DM191005,16,1100,
DJ191061,47,770,
JD161200,5,890,
DJ191008,16,620,
DV191004,3,690,
JF161202,1,930,
JF161206,3,1160,
DT161204,4,860,
JC191019,1,810,
DD191132,8,910,
JB161200,9,540,
JB161203,4,260,
PF161201,1,840,
31191027,3,710,
PF161211,3,640,
PF161218,1,790,
JZ161221,1,920,
AA101706,13,330,
DH111034,16,850,
JA351610,18,230,
JA351609,32,260,
JA351608,12,120,
36DH4041,35,2140,
JA531011,79,1630,
AA101565,55,580,
JZ161203,19,1230,
JZ161208,5,1350,
JZ161200,14,1130,
JC191004,1,1100,
FD191002,4,620,
JK161200,1,670,
PF161212,5,1150,
PF161219,1,820,
DD201024,23,350,
PD402002,14,270,
DJ191081,5,880,
DJ191027,1,310,
FD181030,22,150,
PF161010,4,490,
DJ191054,1,1100,
DS181019,2,230,
AN131039,267,40,
31111056,10,1600,
31111058,3,600,
DU101214,1,3030,
JD551002,7,1680,
JA551002,7,50,
PF551003,5,1390,
JH551001,1,610,
JF561205,3,1210,
JY551008,1,1600,
AA121010,272,130,
28101080,31,30,
AA101491,43,30,
JE511067,15,30,
AA101622,80,50,
AA131004,29,60,
CS101128,70,40,
AA101084,19,30,
AA102082,3,30,
DS201025,13,870,
DJ201028,6,880,
JZ511004,7,3960,
DZ101075,5,3260,
DS101189,1,3170,
JW511201,6,3050,
PF511222,1,2950,
JN511202,7,4720,
JE511251,3,4080,
DH101411,1,2880,
GF101089,3,2060,
PF511209,3,3070,
JE511239,2,3320,
DJ101135,1,950,
JZ161207,40,780,
AA101588,9,3280,
AA101779,6,2810,
AA101602,4,1690,
24101076,6,2070,
24131009,13,1560,
AN101341,3,1730,
AN101342,2,1470,
AA101031,2,1950,
24101804,1,3040,
24100703,4,2010,
AA101052,5,3380,
AA101780,4,3010,
AA101781,2,3200,
AA101053,1,3100,
AA101122,1,3280,
AA101051,7,3340,
24101806,2,2970,
AA101782,1,3040,
JG551447,114,370,
36JZ0199,17,700,
36PF0087,2,540,
PD551433,10,370,
DP101111,1,220,
36JZ0198,8,2120,
30101096,23,180,
DK101151,6,250,
DK101565,62,350,
DH101098,172,320,
36PD0050,8,1260,
DJ191023,6,980,
DK151073,15,1850,
36DH4173,1,350,
DE191043,1,1490,
DK151031,5,5500,
AB151054,10,1100,
AA111082,24,3890,
AA111089,3,5480,
AP201130,1,5380,
AF111010,9,2140,
24131032,16,330,
22131014,56,130,
24130113,1,20,
22131018,7,780,
59200012,18,450,
36224004,11,950,
24111065,15,1660,
24111062,16,1420,
CD111004,16,540,
24111099,9,1100,
YAAS7001,3,700,
06111279,5,490,
AA111052,1,670,
AN101257,29,630,
AN101166,30,270,
36BA4009,5,3420,
30161158,22,130,
DH161066,8,100,
AZ161001,37,180,
DK191013,5,80,
JM191012,5,60,
AA191063,5,180,
AA191117,3,200,
JD561204,1,80,
36JE0005,2,4330,
36PD0055,9,5770,
36DH4027,5,3020,
36JZ0121,2,6060,
36JY0103,1,12500,
36DK0074,3,3510,
36DH4117,14,4750,
36JH0004,7,3120,
36JU0002,1,7150,
36PF0086,5,3640,
36JH0033,1,2420,
31101041,82,120,
36JA0020,21,1780,
28101118,118,140,
39103519,912,160,
39201719,78,200,
36AA1004,61,740,
JA511012,20,1130,
JE511038,21,680,
JE511022,16,470,
36241010,31,800,
36102401,8,790,
JV511012,27,900,
JD511010,36,600,
24181046,19,530,
AA111085,23,1450,
BA132110,18,90,
AB151069,4,490,
AB151072,1,610,
AP111023,28,350,
BA201033,8,290,
24201421,21,670,
AB201077,3,930,
AB201075,4,310,
AL201031,1,910,
DJ191057,29,820,
DG191012,1,890,
DJ191083,16,640,
DJ191055,27,750,
DD191141,8,720,
GF191019,1,490,
30191023,2,470,
DK101573,4,490,
DH101484,8,440,
JL113027,3,460,
31101006,2,220,
31101137,17,290,
JH541217,1,300,
JE551405,9,500,
52DH0177,4,1110,
AA101474,2,120,
JA551405,1,420,
DK101338,2,410,
DH101142,3,750,
56DJ4E1Y,2,400,
DH121167,1,760,
30161157,15,220,
JA113201,7,240,
DX101035,2,420,
DS161112,4,280,
DD111048,33,440,
DD111011,22,130,
DH111016,20,130,
DH111015,26,470,
JB402202,14,80,
DH111013,17,120,
JD561417,17,110,
DK111011,5,350,
DJ151072,3,410,
JF351212,2,210,
AA111148,3,90,
AN101258,24,170,
JD232805,6,30,
DJ151073,39,130,
AA101564,62,560,
36DJ4104,20,490,
36DH4177,4,510,
DK151088,3,1230,
DJ151075,2,2800,
36DK0070,1,890,
DH101557,86,310,
36DD4008,52,1630,
DJ151088,1,1200,
36DH4025,20,2290,
DK141013,1,1010,
DD161107,2,940,
DD141024,2,3010,
DU141061,2,2040,
DH141048,3,510,
24181032,2,690,
BB201030,5,640,
36244044,1,580,
JN351604,19,1870,
DK201078,11,1850,
AP201029,25,1150,
AF201001,10,860,
DK201016,3,1270,
JZ401013,3,1820,
AL201024,6,400,
JL402005,2,2450,
JL511029,2,350,
JL601237,1,1470,
JY551402,8,7710,
JG621413,3,3660,
JY571015,1,910,
36DU1205,36,930,
JA581221,53,710,
36JZ0016,13,340,
JN581207,18,580,
AA201313,4,4590,
AA201194,2,2380,
AA201272,1,3300,
AA201278,1,3570,
24121118,16,5790,
AA121280,1,10240,
AA121208,1,10410,
AA121097,1,10310,
AA131036,6,1820,
DH121097,1,15650,
DU121009,1,9290,
AN131023,31,1830,
AA131063,30,1970,
AN101116,6,1680,
JA541011,15,380,
39100820,16,320,
03100621,14,180,
JG541015,5,440,
39199020,10,250,
AP101243,7,260,
24171014,50,90,
39043501,50,40,
39011904,143,40,
AB171016,39,360,
24171049,26,200,
AB171040,1,130,
AA171022,6,310,
AA171006,1,490,
AB101067,40,1300,
35101059,3,1990,
06101056,4,1620,
AA121105,3,390,
JA581223,14,550,
24121076,18,100,
AE121007,12,130,
24121077,16,140,
36222256,59,260,
AA101143,51,100,
CD101102,4,130,
AA121104,13,140,
24121065,18,140,
24121060,3,630,
JA581236,32,40,
AA121214,14,240,
36AA4044,2,1080,
24121368,1,850,
24121072,1,240,
36AF0008,9,230,
AB121024,3,70,
24121066,15,920,
36AA4013,1,1920,
AB121023,1,340,
36AA4012,3,1730,
JN581203,2,420,
24121028,5,40,
24121075,2,1310,
24121064,2,90,
JB541201,5,65,
AB121028,19,150,
AA121187,5,320,
JB581237,2,110,
JZ581216,1,240,
36PA0186,2,480,
36AA4082,2,1700,
36JK0019,9,360,
DH121093,9,1150,
DJ121045,2,100,
JN581212,3,850,
GF121056,4,1900,
36DS1202,1,880,
36JZ0031,1,2180,
JA561208,1,35,
36PA0125,1,2220,
36DU1202,1,300,
39104319,1,140,
39104119,36,120,
39104619,115,90,
39186919,1,130,
39191719,100,160,
39213319,44,120,
39219019,38,120,
DS101059,33,120,
24191019,1,130,
DH101125,3,130,
AN131022,1,150,
AA101209,2,190,
EC401030,12,960,
JC201009,2,1830,
DK201043,1,2500,
AN101190,17,720,
AA121006,8,190,
AA101261,5,1340,
AE101016K,45,1800,
AE101016,4,330,
AA201041,22,290,
31201081,1,320,
AF201146,1,800,
AB181017,5,110,
07181009,2,190,
22181058,6,230,
22180219,4,90,
DG141019,15,120,
36AA4018,4,590,
AP111054,7,420,
AA111086,4,150,
24111100,1,4780,
AF201248,1,6600,
39171519,162,80,
39104219,55,140,
39108019,104,120,
PA351202,2,1190,
DF111033,2,1100,
DS111035,7,1150,
DH111111,9,920,
JA351204,1,1550,
TE006302,2,560,
PF401417,4,1340,
JL401405,2,3310,
DZ201044,2,940,
PD401401,1,2700,
JB401401,3,1940,
DU201018,1,930,
DF201053,2,2170,
DS201033,3,2180,
JH401400,4,2320,
JF401401,1,4850,
JH401402,1,430,
JL401409,1,4020,
DK111072,1,8650,
PF351206,1,5720,
JH401401,1,770,
PD401404,1,3690,
JZ401408,2,980,
36DU4026,14,3780,
YPA13007,1,390,
JF531007,3,4660,
PD402400,1,14250,
YPF08011,1,1030,
24121074,14,660,
24121070,30,930,
36PA0013,7,420,
24121080,3,170,
36PA0012,2,500,
DK121059,3,930,
DH121141,2,1720,
DS121060,1,280,
JZ551205,1,270,
28121044,1,780,
36PA0156,1,2620,
DD121072,2,200,
31151060,103,770,
DU201062,12,2140,
DJ201102,6,3290,
DJ201016,2,4130,
DS201003,4,2900,
DH201018,3,2650,
PF402000,5,2730,
FD201059,1,1280,
30151105,62,820,
13101024,21,150,
AA101137,37,120,
DK101751,43,140,
DS101032,8,120,
JL511205,8,200,
DU101065,1,130,
DH101171,1,120,
DK101176,2,140,
31101021,17,110,
JE511225,2,160,
JD561006,6,160,
DK101748,4,150,
59050008,2,440,
59040050,10,360,
39253204,8,200,
59050002,6,580,
39253105,6,460,
JB511011,2,430,
DD101349,1,450,
39068205,77,110,
JB511015,2,240,
JL111054,2,300,
39068405,1,170,
JF113412,2,190,
JA113403,2,240,
39184504,11,110,
DK201027,2,1540,
31191012,1,6050,
PD402418,1,16470,
PA402421,1,2540,
PA402400,1,8480,
52DH0295,1,14920,
31191018,1,3090,
DS211006,43,590,
PA401410,1,650,
DP161102,16,570,
JH161203,2,490,
DD161028,2,430,
36JL0021,1,960,
GF161090,1,350,
JG232606,2,240,
DJ211006,1,550,
PA402422,1,8090,
DJ191085,2,21070,
DH191071,2,19610,
DH191066,1,21660,
DH191076,2,12400,
DH191065,2,19350,
JF402400,1,25350,
DU191014,1,7940,
JL402400,1,21120,
JD402405,1,15520,
JZ402403,2,8610,
JL541227,5,310,
DL181080,79,420,
DJ201181,3,100,
DH101781,1,130,
DG101418,30,220,
31101067,25,230,
JW351400,1,630,
DP101452,6,210,
DK101380,5,240,
DH101424,56,70,
DG101456,4,200,
JL403600,6,250,
DH121101,6,130,
DJ201034,3,350,
DJ151069,10,330,
36PD0043,3,240,
36DK0007,1,180,
AB101038,7,230,
31121008,3,230,
JZ581401,1,250,
JZ581402,1,950,
DJ101215,3,700,
GF101047,1,1570,
GF121045,2,840,
24121079,2,440,
AA101577,5,1040,
AA101244,4,980,
JZ581205,1,180,
JE581400,3,270,
AA121218,1,500,
AN121201,3,520,
36AA4074,1,900,
JZ171818,1,150,
JM101016,1,230,
AB181012,111,210,
36241002,49,160,
AN101375,13,690,
AA101076,12,140,
24151289,12,140,
DK151045,2,120,
24140115,33,30,
AA141115,2,710,
36BA4042,24,690,
AB151074,28,610,
36BA4043,2,1450,
24151098,17,790,
DS201015,3,70,
DJ201035,1,440,
31201078,4,330,
PA401401,8,560,
31201079,11,370,
DJ201195,1,570,
JC201004,1,1030,
JB401405,3,430,
PA581227,2,180,
JC201039,1,780,
DH171014,357,110,
DG171019,19,140,
JH122013,7,320,
DF181024,1,3890,
JZ232600,6,3800,
PD232602,1,5290,
DJ181110,1,4690,
YPA13014,3,3920,
GF181023,1,2990,
DU181032,3,3890,
PF232606,2,6540,
PF232603,2,3650,
JB232600,1,4420,
DS201079,1,1540,
DK201065,5,1610,
PD402604,1,1280,
24151097,13,1370,
AB151045,2,790,
AA131017,21,160,
DH101151,10,80,
AL151104,13,80,
52240227,2,160,
AA191114,4,1200,
AA191116,4,970,
AB201090,48,110,
AP201121,1,580,
36AE0001,21,630,
36222207,59,550,
AE101068,29,170,
AA101329,5,1600,
FD191003,5,740,
JN181001,13,1500,
PA181281,10,1700,
36DJ4005,12,4300,
36JN0007,5,4860,
36JE0014,28,6250,
36PD0009,1,10680,
36JZ0080,1,7720,
36JA0005,20,6450,
52DJ0905,10,2740,
52DJ0906,4,2840,
52DH1322,2,2300,
52DH2010,2,3280,
52DU0933,1,2940,
52PA0529,2,3850,
52PA0051,1,2420,
52PA0530,3,2470,
52DH0880,6,3440,
52JZ0951,2,3010,
52DU0583,1,3660,
DZ73022V,1,2070,
52DH0531,1,2540,
52PA0023,1,3310,
52PF0320,1,2430,
52DH0879,3,3490,
52PA0531,1,1250,
52DH1525,3,2170,
DS101251,6,1080,
DU101185,26,1380,
DH101397,6,1710,
DY561400,5,1480,
DT561201,1,2850,
DS181066,14,1590,
DU181031,7,1400,
PF161227,3,730,
DS191054,5,1000,
PF161220,4,890,
36PA0042,2,4630,
36PA0123,15,5270,
36PA0187,3,6650,
36DU4003,1,5320,
36PF0010,1,6850,
DH181063,3,5630,
JZ151061,3,5290,
JZ151004,2,5740,
DK181091,2,8250,
JH121013,1,5310,
PA121005,2,4810,
JW151007,1,2800,
JF151032,1,6550,
PF121064,1,4500,
JZ121059,1,5040,
JD151003,2,2690,
DS181034,1,2610,
JH121012,2,5750,
JZ151006,1,6180,
DS181033,1,2380,
DK181090,1,7480,
DU191035,34,530,
DL191013,4,890,
AA111157,36,420,
PF161015,6,740,
DH101795,23,710,
39240320,54,550,
39100120,7,580,
14151033,9,670,
DK181086,19,1420,
JD151048,5,1370,
DK181082,9,1430,
JL151034,1,2900,
BF551422,2,510,
AA101473,8,1540,
AA131049,60,500,
36AA4042,47,2330,
36AA1003,40,1630,
AA101328,51,650,
AA101471,11,940,
01100342,17,650,
KPBB6007,9,1080,
39193120,15,2000,
JE531001,10,1730,
39132420,6,1400,
KPBF6305,2,1330,
59200029,3,700,
39121420,1,830,
DK151095,1,820,
DK171003,5,930,
JK131023,7,360,
DJ151041,6,770,
DX151016,8,660,
PA131239,3,630,
DZ151021,5,720,
DJ151032,12,1080,
DK151008,1,950,
DK151009,1,1050,
DZ151012,21,400,
JZ131217,3,960,
JH131011,6,490,
JK131015,1,670,
DS171013,2,610,
JD122002,1,710,
JD131213,3,1040,
DU151029,1,620,
PA131002,5,390,
JN551415,7,430,
DJ181087,85,390,
CB111008,13,350,
AN111015,13,350,
AA111147,6,510,
AF111031,2,390,
52JZ0052,2,3010,
52DH0815,2,2330,
52DH0811,4,1920,
JD74024M,2,4020,
52PF0317,3,970,
52DH1365,2,2690,
52DH2011,2,3010,
52DH1364,2,2680,
52DJ0364,5,2180,
52DH0816,2,2060,
52DH0812,2,1880,
JD74025L,2,1260,
52DH1324,1,2490,
52DH1523,2,2180,
52DH1876,2,3190,
52DJ1444,1,3140,
DS121002,54,475,
DH121010,7,190,
JA541018,1,360,
JZ571001,4,290,
JB571006,2,330,
36DH4007,30,570,
36DH4032,9,4590,
JA621414,3,4040,
DH101782,1,4340,
36JZ0008,1,630,
36DK0077,1,80,
DE191029,5,350,
DH101373,35,590,
36PD0053,1,710,
DE151048,8,260,
DJ191034,1,250,
36DH4019,1,250,
JW131809,18,600,
DH201080,6,1290,
JB402401,3,1230,
DJ201183,7,1270,
DK201098,3,1610,
DU101045,18,1300,
JD621001,3,1350,
PF621003,5,930,
PD402606,1,5190,
DV181016,1,4640,
DZ181004,7,4200,
DS181022,2,3370,
DH181044,1,6100,
JF232606,1,3910,
DZ191014,26,750,
JZ161204,7,760,
JZ161210,30,760,
DS191053,6,650,
DU191013,2,690,
31191003,1,700,
DD191075,1,580,
DM191002,14,520,
DF191032,6,540,
DS191013,3,480,
36JE0007,3,5350,
36JH0006,17,7800,
36JN0015,6,5470,
52DJ0363,1,2120,
52DU0587,1,3700,
52DU0586,2,3420,
52DH1886,1,3980,
52JD0598,2,1650,
52JZ0950,1,2900,
36JD0004,3,2610,
DJ121051,4,3180,
36DS1201,26,3090,
36JE0020,3,420,
36JZ0098,1,1770,
36311027,11,70,
JD113019,9,75,
PF581309,1,690,
36DK0013,9,160,
36DH4015,7,70,
AA111074,21,510,
DB111007,4,890,
AA111076,1,100,
36DK0036,9,8370,
36JZ0131,2,8350,
36DJ1502,2,7100,
36DZ0002,21,4460,
36JL0009,14,10310,
36DT0007,1,11580,
36DV0004,2,6970,
36JF0006,15,7190,
36DU4085,2,4860,
36JZ0197,2,6480,
36DH4154,12,9450,
36JW0011,2,5950,
YPD03001,1,2290,
52JH0018,4,2710,
JD161001,5,2120,
JC191001,3,1300,
DK191012,1,1430,
JL161001,2,1940,
36311508,3,5400,
JL561401,7,1000,
DK101182,5,1520,
JF161001,6,1350,
JD561421,1,1510,
JL561205,2,1260,
JZ113204,4,790,
DL161048,8,690,
PA113208,3,730,
DJ161218,3,880,
JH113200,2,570,
JC161017,1,860,
PA113207,1,2540,
39098815,91,110,
39030315,45,40,
39080115,70,210,
LCG00017,10,90,
24140110,5,160,
KCAA1008,20,10,
39248415,50,20,
DJ171033,8,170,
39070815,50,20,
39069415,5,20,
39188515,53,220,
DJ201202,4,3850,
JK402003,5,4940,
JF402000,13,3690,
PF402001,1,3360,
DT402009,1,8440,
JN402000,11,3340,
JC101034,37,1590,
JF511249,3,590,
DD101407,10,1170,
DJ101216,13,1550,
JA521017,2,1600,
DK181043,3,510,
FD181012,6,380,
DJ181011,5,640,
DH181015,8,450,
59040005,2,710,
36DK0016,3,90,
JL113210,5,150,
DH171015,35,220,
DP171006,26,430,
36DK0012,7,470,
CS171005,11,170,
JA541211,19,220,
36DK0009,5,400,
36222241,1,130,
DS101166,3,380,
39187105,25,50,
13101031,14,300,
31101108,4,70,
AA101628,1,90,
DK111028,12,800,
39143520,60,270,
DU101191,1,130,
JH511017,1,370,
52JA0023,19,1140,
DH101520,14,150,
DH102201,2,270,
JL511010,7,990,
39178301,1,10,
JA541027,2,130,
36DS1002,73,2050,
JG591039,1,310,
DG201030,1,360,
JZ511203,15,1990,
36DS1003,1,790,
PD131803,1,140,
JD561011,2,90,
AT601203,11,320,
DK101755,4,1800,
JL561409,1,220,
JG191009,1,30,
39128321,1,170,
AA101481,50,590,
DJ101064,140,300,
JE561005,19,330,
DU101038,1,1310,
36JL0011,1,720,
DU101190,30,2200,
DS101336,2,140,
JG571014,53,690,
JG171802,4,650,
JZ161011,5,300,
DJ191032,6,2430,
DE151015,2,7440,
JH351601,2,7060,
JH351602,3,8520,
JL161010,1,810,
PF351601,2,7490,
DH111081,3,5890,
DH010121,2,550,
DK111084,2,4850,
JE351005,3,6170,
JE351025,1,4020,
JA351000,1,4090,
PF351006,2,5620,
JK351001,1,5640,
PF351025,1,5820,
JZ351001,1,6370,
DK181024,3,7490,
PF121076,5,4640,
DS181020,3,5450,
JZ151036,8,5270,
DD181207,5,4760,
JH121006,1,6950,
JD151029,1,6890,
AB171044,22,2890,
24171094,1,2630,
JZ401071,2,1910,
JZ401001,2,1600,
JZ401000,4,1900,
JH401006,2,890,
FD201033,2,90,
JZ401042,4,110,
JB581258,2,130,
JD151024,1,110,
36AA4033,22,2480,
36AA4102,25,2760,
36AA4106,5,2990,
36BA4021,2,2100,
AA102088,1,1250,
36AA4050,33,2720,
AA101844,10,550,
AN101186,48,580,
AN101312,7,460,
AN101129,22,630,
DP111007,1,6490,
DK101732,2,1730,
JA561000,2,1680,
JC111026,1,8340,
PF351024,1,4470,
DH010120,2,550,
PA561005,1,1790,
JE561001,1,1660,
JG561011,1,1255,
JG551214,1,2970,
DT401008,1,10100,
JZ131818,2,6090,
JN131807,4,6750,
DE151013,2,8580,
JF131800,2,7780,
DK151024,2,6950,
31151021,52,220,
LHD00005,12,140,
39168606,9,30,
BA132141,64,230,
AN121205,2,8010,
DF381135,1,1060,
DH101195,37,190,
24201264,2,890,
AL201061,5,1310,
52AA4035,3,2710,
AM201116,1,1670,
AA101708,34,850,
DG171018,7,910,
DJ151037,8,450,
DJ151036,8,500,
DH171013,1,410,
DK171006,2,480,
DJ181115,108,170,
JZ401039,16,1300,
JZ401074,3,1200,
JZ401073,3,1220,
DK201050,20,1440,
DK201051,5,1310,
JZ401072,2,1530,
JD401004,3,1470,
JZ401038,5,1350,
JH401001,1,1470,
JK401008,2,1130,
JB401006,2,1330,
JL401006,1,1460,
JL401004,1,1310,
PD401004,3,2090,
PD401005,4,2100,
JH401007,2,1680,
DJ201207,8,1350,
JK401009,1,1070,
31101295,1,2240,
JH113004,2,1870,
JH113005,3,2020,
DS161086,1,1560,
52JE5506,1,1580,
DH161470,2,1230,
DS161085,3,1700,
PA113024,9,1620,
DY113000,6,2160,
JD113201,6,1710,
DJ161130,3,1740,
DJ161131,1,2160,
JH121014,2,50,
DJ201050,5,240,
JH121019,1,40,
PD231604,4,2010,
DF221007,11,1010,
JZ231601,7,1510,
PA231600,17,1020,
PA231601,5,1040,
DJ221004,18,890,
DJ221003,8,910,
JB511019,155,770,
JL511022,12,2540,
DK101003,19,840,
DJ101012,24,850,
JD511008,10,820,
DH101033,45,860,
JA511006,15,760,
JZ511016,58,740,
JD521002,106,260,
JA521001,9,110,
JH511044,2,400,
36DD4002,36,610,
JE511085,6,520,
DD101007,15,140,
DK101063,1,140,
PA511098,4,610,
DP101010,10,810,
DH101016,268,210,
JE521030,20,200,
DM101140,204,390,
JA541212,271,290,
JA541205,162,280,
DS101072,120,400,
DH101154,133,290,
DH101006,39,400,
PD531029,18,740,
PD511229,31,290,
PF511203,1,340,
JZ531006,3,415,
JD531003,1,580,
JA511217,2,280,
AA101424,29,420,
JE511237,4,370,
DU101050,25,3490,
28101167,38,390,
31101024,4,300,
36011001,31,220,
AB151095,6,350,
24161267,35,140,
24151177,21,250,
24151145,8,220,
24160916,14,660,
AN101104,51,1830,
24151179,4,710,
24151168,1,680,
24150504,10,40,
AB201083,2,210,
01100614,5,30,
24101545,5,230,
05101072,13,200,
AL171103,5,50,
DU151005,12,160,
DX151021,1,3380,
DX151022,8,190,
DX151012,5,240,
JA541005,5,180,
DD121013,36,280,
AB121019,12,230,
24121062,21,20,
GL171031,4,280,
GL171036,11,20,
AA101479,22,310,
AA101168,34,90,
39144101,13,20,
DS151058,21,370,
DJ151035,2,250,
01100823,4,430,
JA551406,6,390,
24100305,1,270,
DU101109,2,360,
DK101245,2,340,
28101214,102,70,
22150242,10,30,
JU551402,25,230,
JZ551412,10,110,
JZ551415,27,50,
JE511240,4,170,
PD551427,8,140,
DD101067,5,35,
DH101743,1,200,
AA101054,1,470,
06100702,5,380,
AA101108,13,950,
39029615,550,50,
05101071,26,500,
AA101055,94,40,
28101110,108,290,
DK101097,22,190,
AB171033,10,140,
DH101422,1,130,
DJ101705,5,300,
24101114,27,520,
AA101009,54,260,
AA101213,1,410,
24151173,5,170,
24151182,2,180,
22150240,21,40,
39215320,6,1220,
39187019,60,210,
AA101400,85,40,
36AA4007,4,290,
31151024,1,2460,
PA131208,5,2130,
DK151005,1,2930,
AA141082,5,30,
DJ121089,5,170,
JA511011,1,240,
JC201027,3,1050,
DJ141074,1,710,
24121082,17,50,
24121085,2,60,
AA101221,2,180,
22171007,73,160,
AN101083,79,270,
01100342K,26,1300,
24171024,71,180,
22170115,23,130,
DJ151071,29,850,
DK151038,2,1350,
JW131807,8,1120,
DE151037,4,960,
DK151085,30,1600,
JL131805,2,1610,
36DH4174,1,1220,
19101019,1,120,
BA102042,4,120,
06101254,1,110,
CD101079,10,70,
AA141004K,32,590,
24141071,1,220,
AA101499,39,2750,
AA101013,11,180,
AN121082,89,30,
39219421,2,180,
JH511045,2,60,
AP201122,1,350,
59210006,6,120,
39239121,11,180,
DH101423,3,200,
30141039,86,70,
39175421,2,100,
JA351626,4,170,
JH171017,1,70,
39102021,2,210,
JG601012,1,520,
21101429,10,30,
DJ181085,5,60,
DF181091,59,80,
39165721,1,140,
AA141088,1,180,
AA111118,8,30,
CD101080,18,60,
39239620K,1,1040,
DU101010,23,70,
JA521207,1,2120,
36DD4001,7,1360,
36JG0016,2,1580,
DD101014,6,1930,
36AN0016,4,1750,
AA101334,1,1590,
AA101066,1,5110,
36PF0028,1,630,
36JH0001,3,1510,
36JF0026,1,1570,
36JU0001,1,1680,
36DJ4008,2,1590,
36PA0003,1,1370,
36PF0062,2,1440,
DS141014,39,170,
BA122005,4,40,
03100335,1,290,
24100308,8,1020,
06101009,55,450,
30151039,1,930,
03100338,60,680,
21130110,41,720,
24130105,22,1140,
05101018,59,1100,
24101006,145,20,
DS201036,5,50,
JL581066,1,120,
24181047,25,210,
DK161217,3,1710,
DK161218,3,1600,
JD231408,2,1700,
JK231400,1,3740,
JH231409,1,1370,
DU221001,1,3160,
DH161410,1,2900,
36AN0010,27,9690,
AN101123,12,8250,
AA101446,8,7980,
AA121204,5,6030,
GF151009,22,1130,
36PD0059,14,1780,
GF151004,3,6440,
AA191084,5,1390,
JE571007,50,530,
AA101745,2,1200,
PA401009,3,3110,
JH401003,1,11080,
DF201138,2,1810,
DU201066,1,990,
DS201009,6,1000,
JL401002,1,5280,
56JL023G,5,2140,
JB551411,9,1480,
DK101564,6,2010,
AA161218,1,830,
DJ161255,2,430,
AE101070,14,420,
AP201123,4,1450,
DU201101,65,4850,
DJ201176,42,7480,
DS201035,16,7420,
52JF0051,1,4070,
52JL0339,4,2240,
JF181402,2,1380,
JL401012,14,17960,
DJ161254,2,1480,
JZ181401,6,2160,
JL181409,2,1460,
JG521008,13,440,
39199819,73,110,
36DS1000,4,675,
JH521007,8,110,
36PA0128,2,270,
AA101598,20,8990,
AA101593,1,9890,
AA101470,2,5400,
PD113002,4,620,
DT113029,1,1050,
JL113014,2,770,
56JF191Y,3,790,
GF161120,2,250,
JL113000,1,1190,
52DV0024,1,350,
PA113008,30,510,
DF161413,35,620,
JH113006,17,320,
PF113028,1,820,
DH161053,4,490,
PD113003,2,450,
DF161414,11,270,
DS161172,6,1130,
PF181422,1,2110,
DP161006,1,390,
JD181404,4,740,
DJ151087,1,22930,
JZ131206,1,18510,
JK131026,1,15380,
PD131007,1,9820,
JH131001,2,21130,
PA131021,3,18720,
JZ131213,1,16010,
PA131204,1,19220,
PA131010,1,7900,
DH151079,2,20150,
24171179,2,13590,
24171180,4,13970,
24171120,1,11930,
AP161048,3,6200,
24231499,12,1000,
AE131010,1,4860,
DD101101,1,14100,
36JZ0025,1,6560,
DZ101047,1,2290,
DU101210,2,6190,
36JE0018,1,1230,
36DH4044,1,9160,
52AN0122,1,13150,
AN101070,4,19910,
AN101127,1,19160,
DK151050,1,20920,
JF131206,1,20870,
JK131037,1,16640,
PA131274,1,7960,
JC151010,1,22790,
DZ171014,1,7930,
DS171002,1,8560,
PA122001,2,8090,
JD122009,1,11250,
PD122000,1,3250,
JH122011,1,5980,
PF122027,1,5240,
DH161509,21,2590,
JD151006,5,3030,
DH181092,4,2460,
JC181024,4,2910,
DS171007,4,500,
DG171034,2,990,
DJ171008,1,390,
JB122003,2,470,
JH122014,2,430,
DK161124,12,70,
DK161123,1,70,
DH191019,4,150,
JM191010,5,120,
DK161071,7,290,
DK161070,6,330,
DD191144,2,190,
DH161119,1,360,
JD181229,2,160,
DD191143,7,110,
JZ161019,19,140,
DH211005,1,90,
DS161125,3,120,
DS191018,17,120,
52DH0686,1,5160,
JZ73043B,2,3930,
56PA056D,2,5180,
56PA056E,1,2010,
JE511012,1,2185,
52PF0333,4,6440,
56JH057A,2,6530,
56JD05X3,1,2430,
56DH057T,3,4410,
JD72024M,1,5350,
52JF0230,1,3930,
52PD0166,3,4020,
52DU0290,1,5580,
52DU0289,13,5150,
52DH2009,1,4760,
JK73044C,1,4170,
JD72024R,1,5510,
JZ73065J,1,5000,
DK73042V,2,5080,
52DH1535,4,9730,
PA75045W,1,7470,
52JZ1823,1,8890,
52DH1358,1,3580,
52JZ0939,4,6700,
52DU0931,1,6660,
52DU0579,3,5880,
52PA0520,1,4120,
52PF0326,2,8430,
DZ73134G,3,6280,
JD76014M,3,8580,
52PF0735,3,6400,
52DH2014,1,9600,
52JF0082,1,8110,
52JZ1798,1,7460,
52PA0532,2,9310,
JZ73035A,2,6160,
PA75013C,2,7380,
JZ73033B,2,6460,
52PF0360,1,8510,
PF181214,9,470,
DD181162,1,1200,
DJ181119,42,2050,
DZ181001,2,400,
JK181247,1,380,
PA181280,4,590,
DU181029,7,930,
DS181031,25,1420,
JZ181200,11,1310,
JN181002,2,1430,
BG113802,27,1040,
BG113803,23,1180,
JF151018,1,33310,
DH181123,1,22420,
DK181087,1,21580,
DU181067,1,29810,
PA121036,1,25990,
AA191085,29,1240,
52DJ0723,1,30430,
52DJ1551,1,36690,
52DH2137,1,30730,
52PF0742,1,22260,
52JD0744,1,20140,
52DH2136,1,33100,
52JH0285,1,33440,
52PF0560,1,22790,
DX121010,73,660,
36PA0143,44,1830,
36DS1004,269,600,
52DU1174,1,26780,
DM101139,90,210,
JL171046,1,2690,
JZ181361,2,630,
52JZ0099,1,5900,
52JD0389,3,2640,
RJN73023B,1,8200,
52PF1154,1,6050,
JZ73045E,1,6910,
DH7303X4,1,4420,
JD73014R,2,1400,
52JF0229,2,5380,
JL181407,3,60,
JL181426,2,3460,
JH181215,3,1630,
JD181240,1,1570,
JW181202,1,1970,
PD181222,1,1280,
JL181008,5,1190,
24231239,5,3880,
DM181038,2,820,
SVA0012,2,3980,
24231748,1,12030,
52JL1019,1,8010,
AA161328,3,730,
52240760,8,1780,
52240483,13,1980,
SVA0023,2,690,
AE101007,1,10550,
DU101196,1,19740,
SVA0002,4,990,
BF185071,2,510,
BF185069,2,300,
SVA0009,1,150,
24151071,23,1600,
36AL0031,2,1050,
36AL0032,1,990,
PA161014,6,1780,
JZ161009,2,1570,
JZ161001,8,1330,
DS191002,2,2120,
PA161012,1,1300,
AA231239,2,4730,
43010035,7,690,
AP121124,9,430,
AA161268,12,330,
22250132,10,80,
AB101058,4,120,
AA141095,2,8300,
AP121009,2,760,
24141149,2,6300,
AA161309,5,1200,
24161368,1,1590,
52240765,1,3030,
Y-101307,2,,
AN101307,2,3970,
BH131804,2,2970,
AN101232,1,660,
36DZ0009,1,4060,
36PA0122,2,4000,
PF181218,2,1150,
PF181217,1,1220,
JN181200,1,620,
52PA1177,2,4260,
JH591034,4,1080,
DZ101031,9,1780,
JD591026,6,2590,
PF591146,5,1530,
JZ591095,1,1550,
DH102272,1,1300,
DH101468,2,2100,
DU161144,6,1780,
PF113037,2,870,
DZ161033,1,770,
DU161145,2,1900,
DS161117,1,4580,
JK113005,1,2780,
JD402201,1,4930,
JD402219,1,6990,
AA121150,1,2050,
AA111094,9,8750,
AN101337,1,13930,
36AA4036,1,1600,
JB541224,2,260,
JP541208,5,270,
JL521002,3,460,
JL541207,6,360,
JE541241,7,320,
36314006,11,1300,
JE541240,10,200,
JY541276,3,310,
JY541225,2,440,
JH541015,10,450,
GF101022,2,200,
JE511085K,1,1760,
JL511001,1,1280,
JL541208,1,360,
AA101862,2,11310,
AA111151,1,8700,
AZ351001,5,8890,
AA111072,1,8870,
AA111202,4,8210,
36JE0013,1,15550,
36JE0004,1,7590,
24151258,6,6780,
24151275,1,6900,
AB151063,11,4980,
24151291,1,6480,
AA111092,1,16730,
BH131803,2,9220,
DU101218,53,7120,
36JZ0002,5,12380,
36JK0031,6,11250,
36JD0021,5,11340,
AA201379,2,2950,
AA201265,1,12210,
AA201189,2,6670,
AA201276,1,13840,
AA201358,2,12470,
AA201250,2,10100,
AA201329,1,11550,
AA201219,1,10630,
AA201177,2,8130,
AA201179,1,9080,
24201279,1,3410,
BF187000,1,2600,
DH102277,21,900,
BF113461,2,2750,
36311006,124,1100,
36AA4025K,20,4140,
DK151094,26,1040,
DX101045,40,1290,
31101038,12,940,
JD561203,36,370,
31101191,3,870,
DH101537,4,560,
DS101316,5,1310,
DH102180,1,35,
DH101531,1,1650,
DU101083,12,140,
31101082,2,1490,
JD151038,4,100,
JE571213,1,320,
SVA0017,7,300,
SVA0010,12,200,
AN101421,17,580,
AA101484,9,150,
AB161183,15,130,
24141132,1,160,
AB171022,21,170,
BH131206,1,120,
AB171023,11,20,
AA231255,14,18780,
BH184000,5,18300,
AB151035,1,3100,
AP151017,1,2180,
24151167,3,2860,
24151285,5,4760,
AA101063,1,5200,
AA101599,2,4560,
AA101207,12,1100,
36AB4015,1,3100,
AA101969,1,430,
AA101242,1,10190,
36AA4118,3,18320,
AU511002,3,13700,
AA102093,1,25210,
JE531008,1,14520,
31101293,1,18520,
36JU0036,1,18400,
AA101033,4,10990,
36AA4119,2,15200,
CD101082,22,7860,
52JB0231,46,9470,
36JE0012,7,10890,
JN521001,6,8820,
DH101864,20,10880,
DH101773,5,13960,
DJ101371,6,14010,
DS101360,5,13250,
DD101478,1,12760,
JC101037,1,14770,
36JZ0074,13,12250,
31101314,4,12190,
DD101105,1,12240,
36JZ0183,3,10150,
GH101058,1,3115,
36JF0117,4,14310,
36PF0002,2,8940,
JD181003,2,1590,
DM161009,2,900,
DJ151053,6,120,
JB141001,23,120,
JN141002,37,150,
DZ191001,5,280,
DS191003,5,310,
PA131850,4,340,
DJ181104,1,450,
JZ131810,2,340,
DU191030,1,320,
JH121032,2,490,
DS151025,8,370,
JD161003,2,400,
AA101952,10,1630,
JL131232,6,1020,
30151069,298,50,
BA191051,7,790,
AA191093,19,1200,
AA191068,18,720,
24191126,2,680,
AA191094,16,1150,
AA191083,6,1550,
24191092,77,1180,
24191129,16,830,
AA191010,1,880,
AA191115,2,1540,
24191075,6,660,
AL191064,2,1520,
AM191001,1,700,
AA191102,1,1170,
24151058,34,940,
BA132173,11,1480,
BA132171,19,1490,
24151060,1,770,
24151059,11,760,
JB161005,1,260,
DU191003,8,710,
PA151013,2,590,
DS191015,18,510,
DS181084,3,620,
DH191068,2,270,
JC191002,2,360,
PA151014,8,650,
DS191016,10,470,
DU191009,21,550,
DH191008,9,460,
DH191007,9,670,
06191089,3,370,
JZ151019,4,450,
JH151003,1,570,
AA101721,1,3600,
JD511207,22,2420,
JE511204,28,2390,
JH511207,6,1460,
JE511213,4,2110,
DS101030,2,970,
JH511210,2,1570,
JE511212,3,1980,
DH101040,2,920,
DU101060,1,2040,
JA511204,2,1730,
DH101235,1,30,
36314001K,43,1320,
AA101594,45,170,
31101175,5,70,
PF581423,5,70,
AA121226,4,90,
AA101838,11,410,
AA102171,5,270,
JB581271,4,90,
AB101059,3,100,
24101109,1,20,
DK101340,1,40,
59210023,1,30,
JG591070,2,240,
DP101140,1,100,
36JE0022,2,620,
36JL0023,2,530,
36DU1204,3,270,
JE591002,15,240,
24121073,1,430,
DS121089,3,250,
DU101057,1,90,
DH151024,18,35,
DU151025,18,60,
DU151026,162,60,
16151066,520,30,
PF551433,10,1140,
PF551426,7,1120,
PF551411,5,1190,
AN121111,9,680,
39010604,8,100,
DU101066,6,95,
DX151018,5,50,
AA101475,13,160,
39260011,1,100,
AK201012,5,80,
JD551400,1,150,
KPBC6004,1,900,
KPBC6204,7,710,
39186420,1,750,
KPBC6302,6,840,
01101009,7,680,
KPBB6301,14,560,
36311008,41,460,
39268820,1,580,
39100320,8,620,
KPBF6203,1,770,
39239620,9,610,
KPBB6202,14,560,
KPBC6202,1,610,
DS101197,12,790,
DP101163,2,630,
JV551000,4,750,
DX101052,9,850,
DH101117,1,800,
AE101014,12,5250,
SVA0054,2,140,
36AA4105,6,10390,
19101017,2,110,
03170121,7,175,
DJ161129,18,890,
52JL1035,4,930,
JL113016,5,760,
PF113033,8,810,
DJ161128,10,940,
PF113032,7,790,
JF113009,4,930,
PA113040,11,770,
JZ113027,2,430,
52JL1024,2,980,
52JL0159,5,1020,
PF113044,5,280,
JK113008,1,310,
AA221006,2,970,
AA221005,3,970,
24201487,4,1750,
24201488,1,1650,
BF184629,2,1860,
BF184630,1,1860,
24201472,1,3060,
AB201072,2,2880,
24201499,5,670,
24201504,1,490,
AA201188,2,840,
DF151003,1,5260,
AL201017,12,1690,
AL201051,2,1580,
DE191024,5,20,
KEBB4717,1,80,
39098717,14,20,
AB181020,1,120,
DK101386,10,120,
39172104,25,60,
AA111117,3,130,
LAE00023,30,30,
39160804,44,130,
LAE00045,10,45,
DJ151047,25,80,
39270204,3,140,
LAC00010,1,60,
DX151010,7,110,
DJ101063,10,100,
DS101198,4,80,
PF131220,4,50,
DJ151048,5,60,
39242704,8,70,
DK151036,15,160,
DX151081,11,130,
JD141001,1,5010,
24171117,5,60,
39154905,5,40,
AN101138,7,12000,
LAC00019,2,180,
28101038,70,20,
DJ181088,31,40,
AA101145,2,520,
CM191049,20,30,
AB171032,7,130,
AP121064,2,140,
31101141,1,70,
24101121,3,460,
AA101073,9,460,
36AA4025,15,2580,
AA121336,37,940,
AA102094,15,1110,
DK101064,7,1410,
AN101182,4,160,
39137704,54,130,
LAG00008,20,80,
18201044,38,130,
01180123,110,20,
JD151037,3,100,
30101236,585,20,
DH121012,10,15,
24141133,2,160,
JL561408,4,95,
AA101210,231,350,
AA101472,230,190,
AA101211,12,240,
DJ121030,13,600,
JB581003,1,450,
DH121132,2,610,
PF581052,2,510,
DJ121022,15,310,
DH121106,3,380,
JA581208,3,150,
PA581225,3,330,
JH121042,1,330,
DU121008,2,370,
AB171031,57,220,
AA101215,1,110,
24161003,85,220,
24170507,24,190,
AE121008,2,180,
30151075,3,260,
36DU1004,4,120,
36JK0064,1,8170,
36PF0027,1,5880,
36JZ0122,12,780,
36JZ0081,7,670,
36JE0003,14,610,
36DH4030,25,850,
36DH1003,10,600,
DH101017,7,50,
36PA0115,1,640,
36JL0001,3,490,
DH101010,13,400,
36JL0005,17,5995,
DK101330,2,650,
31121029,39,440,
DP121034,22,490,
JB581005,9,670,
JA581006,33,430,
JE581051,3,410,
JA581009,1,280,
JZ581011,1,800,
PF581044,3,650,
JL581009,5,1850,
JZ581032,6,2010,
JE581014,3,1210,
FD121004,1,300,
AA121056,5,1830,
AP121132,1,490,
JA541021,32,360,
JN571001,18,330,
AN131007,4,120,
DU101223,18,230,
DS101071,17,100,
DD101325,14,80,
DS121005,7,390,
28101022,9,380,
JG601211,3,120,
52JN0136,2,260,
JV541006,1,260,
36152203,11,440,
24130111,1,270,
24151171,41,940,
06101213,1,140,
DH101048,2,180,
DU101067,3,50,
JK121007,2,200,
JE511202,2,220,
JE551401,4,170,
JE551408,4,220,
DH101111,13,320,
DK101072,7,110,
28101195,14,210,
JD551208,7,290,
DH101141,3,310,
JA551009,4,310,
JA551415,6,860,
DH102210,13,1440,
DJ101179,1,1610,
PD551421,1,1440,
DH101863,8,20510,
DK101001,5,1890,
DK101569,52,1380,
DD101394,12,1140,
JB181421,6,1550,
JB181416,6,990,
DU161098,8,970,
PA181405,6,880,
JH181408,3,670,
PF181423,2,800,
DD101492,11,880,
JB551408,29,870,
DH101344,27,1130,
PF551428,5,910,
JU551406,2,1690,
PF551436,1,860,
DH102211,26,1010,
DT551402,2,1220,
JE551403,21,1940,
DS101319,20,1650,
DH101346,27,1750,
DH101862,1,2150,
DD101493,27,750,
AA191077,23,990,
AA191064,10,720,
AA191092,35,1290,
AA191073,22,980,
AA191013,5,600,
AA191069,7,1060,
AA191091,12,1060,
24150501,14,1270,
AA141018,2,980,
DK101180,13,250,
JD561413,7,140,
JL561404,1,850,
JD561411,8,580,
JL561405,2,200,
JL561407,3,130,
JZ561404,1,150,
24141184,1,870,
24141130,6,710,
DF181092,52,90,
30141052,27,160,
AN121085,2,680,
AA121009,6,520,
AA121112,4,470,
BA231013,24,90,
30141028,7,100,
DH101508,1,40,
DZ191019,20,210,
06190227,1,220,
DS191010,2,170,
DS191008,2,170,
AA101154,41,150,
DS121004,8,210,
BH151096,5,1290,
BH151097,5,680,
BH151095,5,740,
BH151093,5,160,
BH151092,5,490,
DF121003,14,1230,
JB571000,2,970,
JZ571000,1,1090,
JY571012,1,1800,
JE571009,2,2220,
52DH0169,6,2360,
DS121137,1,1140,
AA101468,4,480,
24101422,12,80,
36JD0011,3,270,
BG233002,7,1730,
24221033,9,90,
DK010272,2,330,
DK161228,2,200,
24161190,10,15,
AA231209,1,200,
AA161160,2,200,
JH233020,1,40,
STAA0004,1,175,
DD181252,5,45,
AM191005,18,320,
AA191080,6,310,
36DU1503,43,380,
36DS1502,21,360,
JA131606,6,190,
30151041,73,310,
DJ151094,31,310,
DD151005,20,90,
DS151038,25,120,
DU101085,2,330,
DS181070,1,380,
JA511216,11,170,
JH551205,6,130,
DD101309,22,330,
JL181257,1,15,
JZ551210,7,330,
31101216,5,70,
DH101319,6,300,
31101109,5,25,
DS101050,23,100,
DH101485,2,140,
DH101334,12,390,
DK101187,2,290,
DH161194,44,150,
24231522,72,10,
AB181022,5,430,
DG161124,6,160,
DE151012,30,50,
AA101337,9,140,
24171066,120,30,
GF151019,13,70,
36DZ0008,1,440,
30151119,6,170,
DL161023,57,60,
DJ161132,1,70,
JN171000,1,90,
24151232,7,90,
30201104,2,275,
DD161022,19,40,
31161018,8,60,
AA101220,4,180,
DH161133,1,60,
JD561418,1,110,
DJ161090,5,40,
JC141015,3,20,
15161069,8,50,
DH141023,1,80,
DH161293,5,40,
BA191029,11,90,
AA101750,54,470,
AA101742,9,430,
05190302,21,120,
05190301,16,460,
24130214,11,940,
24131002,22,380,
24131008,9,330,
BA191050,9,270,
24191001,13,280,
PF121101,6,3700,
JA151013,12,4430,
DM181036,16,4730,
JD151026,8,5430,
PA121042,4,4290,
JH121005,3,4460,
JL151004,1,6850,
DJ181103,2,6050,
DG181010,1,7470,
DH181127,6,5550,
DK181070,2,6800,
DX171004,1,6450,
DZ171016,13,5170,
PF122012,3,5980,
JN122000,6,5910,
DH171023,6,6510,
DH181104,3,2980,
DK181060,1,2380,
DH181103,2,2580,
56DK31Y9,2,2530,
56DK32Y9,2,2300,
DK181062,1,2520,
PD151004,2,1820,
JL151030,1,4380,
JD151052,3,1580,
JD151051,2,3490,
JD151017,1,1420,
JM171004,16,120,
JL122001,1,440,
30191017,5,40,
DH101581,35,40,
AN101147,20,60,
JD131811,2,150,
DE191031,9,120,
DD101254,1,70,
36DU1901,1,360,
36BA4039,61,2180,
36244063,1,2000,
24171198,9,580,
24171201,18,430,
PA113022,6,2070,
PF113012,3,1850,
JZ113001,1,1460,
JZ113003,3,910,
JZ113021,3,880,
PA113075,1,1490,
PF113013,3,1460,
PF113001,1,1560,
DH161468,2,2110,
39171619,49,80,
06101252,53,150,
30101014,34,160,
JL601010,5,610,
24100314,14,120,
39149919,3,350,
39135519,9,210,
01100355,9,180,
30151035,5,220,
39185519,7,90,
DE151008,3,200,
DD181205,1,870,
PA151011,3,920,
JB151003,2,910,
PD151001,4,600,
PD151003,3,4100,
31181015,1,580,
DS181077,5,730,
36JH0011,3,440,
JW151023,1,660,
DS171015,51,60,
DF141128,10,100,
31101061,19,25,
DH181099,16,70,
30101154,7,90,
PA113204,2,160,
PD181401,1,70,
DD101097,1,260,
JA541233,1,220,
BF511237,4,480,
CB101009,6,280,
BF131712,1,270,
BF511214,1,1010,
24151247,10,80,
AN101305,5,710,
DF161168,3,60,
24231615,1,100,
AA101665,9,50,
24231146,15,30,
24101194,10,60,
AB101014,1,50,
JZ113402,1,75,
24101201,4,2860,
24101409,1,400,
21101427,5,40,
YDZ05006,2,200,
36JW0013,4,180,
39271217,12,140,
25191054,14,60,
03170127,30,40,
AA101124,2,40,
39034217,19,90,
39033717,45,20,
39235717,20,20,
39059417,20,50,
DG111008,55,450,
JG351209,1,1300,
52DZ0046,8,210,
JM171003,6,650,
DD151008,12,250,
31151028,1,600,
PF131236,2,550,
DS151092,4,240,
52DZ0047,5,200,
PA122023,8,420,
PA122022,15,430,
JZ122008,1,490,
36281008,53,1790,
36AN0013,37,1890,
AA101260,12,960,
36JG0011,39,2750,
36DV0007,20,2550,
36314001,4,1330,
36314002,115,130,
36CS0005,2,2250,
36JZ0083,1,2160,
AZ351207,14,470,
AA111154,5,440,
AA111153,13,430,
DD111018,93,430,
01100804,313,30,
DZ191035,5,1090,
24191101,5,90,
24191100,19,100,
24191099,3,90,
24191184,3,120,
36DU4076,3,1780,
36JH0028,5,2050,
36PF0048,3,1920,
31101020,98,580,
AN101175,20,760,
31151018,3,210,
DJ171044,3,450,
JK122004,24,190,
AA101364,190,50,
DD151009,1,20,
JK131025,2,230,
JC151007,1,1100,
DJ151033,2,1080,
31151004,2,150,
JF131600,3,480,
14151021,3,110,
30151082,4,180,
24131075,6,320,
30151033,1,180,
AB171013,128,120,
24171055,20,130,
BA171007,6,140,
24170505,28,35,
JD231600,18,1250,
JD231601,5,1210,
JL231601,3,1550,
DF221037,1,1270,
DD221008,5,1110,
JH231600,6,2390,
JH231601,4,2420,
24190227,1,210,
36JZ0001,50,1990,
36311028,96,2030,
36JZ0102,16,1750,
36JK0011,41,2100,
36JA0002,1,2090,
JD511202,2,1170,
JD511201,6,890,
JE511209,10,1070,
JE511201,13,1220,
JE511200,3,870,
JE511208,1,790,
PA511229,4,1550,
JH511203,10,450,
DP101019,2,1400,
DK181063,2,5200,
PF121079,1,1110,
DK181059,1,3080,
DH101157,13,80,
AL201065,22,2860,
AL201066,1,2780,
AL201119,1,3840,
AA141079,9,410,
AF121148,12,2510,
AA101262,5,460,
JM101027,3,660,
DH101521,4,340,
JL181408,2,100,
JD402217,2,20,
PF591045,1,440,
AA161265,1,1350,
AA101295,4,200,
24150507,9,90,
30211005,5,60,
DH101144,6,80,
30191035,30,50,
30201074,6,40,
AA231142,6,390,
AA101194,25,420,
36JC0006,1,270,
AA101138,1,140,
JB531021,1,130,
DH101066,1,100,
AN121206,7,370,
24231625,1,330,
24151090,1,90,
AN161075,11,100,
AN101334,11,120,
AA101597,20,240,
DH102261,1,310,
AA151060,5,440,
24170508,2,2010,
AA221033,1,2440,
BF541052,5,530,
BF541209,7,450,
BF511281,3,350,
BF541039,5,190,
BF511276,1,390,
BF521012,2,290,
KPBA6006,2,760,
BF131762,1,200,
BF541208,5,390,
BF541030,1,210,
EE531030,4,230,
56DH3X1Y,5,4980,
PA113035,3,1690,
JD113035,3,6300,
56DJ3X1Y,3,5520,
52DK0167,1,2220,
56JD3X1Y,2,4620,
DK161308,1,5850,
24161373,21,310,
AA161308,1,430,
AA161307,2,480,
AL161503,1,520,
AP161082,6,740,
AL161498,5,630,
AA102167,3,320,
AA161310,2,200,
AA101258,4,80,
AA161216,1,580,
AA161306,3,470,
24101829,2,3390,
BA132112,5,2720,
24131072,1,2410,
24171006,6,955,
BA132111,6,2850,
AB151093,40,360,
AP121010,7,460,
AN101162,10,850,
AL161312,4,550,
AA231223,7,310,
AP161047,13,390,
AL161383,5,320,
24161371,37,250,
AA151012,1,650,
AA101293,9,730,
AA101294,9,480,
DZ74033W,5,4680,
52PA0536,17,4420,
52DH0682,4,5400,
52PF0726,10,4650,
PA74055W,2,1790,
DZ74013W,2,5120,
DJ74012V,3,5110,
JZ74033C,2,5340,
PA74053C,4,1790,
52PF0327,3,5560,
52DH1335,17,4760,
52JZ1804,9,4330,
52PA0537,1,4120,
DJ7401X4,4,5100,
52JZ0929,5,5040,
52PF0727,3,2590,
DU181030,3,820,
52DJ0517,1,4250,
52DJ0519,3,4720,
52JZ0927,4,4860,
52PF0329,5,4420,
52PF1156,23,4620,
52DJ0904,1,5350,
52PA0015,2,6590,
JN73013B,3,5570,
52DJ0566,5,6590,
52JZ0926,3,4780,
52DH1531,22,5300,
AA101692,28,1250,
36AA4055,6,11990,
36AA4058,8,17250,
36AA4057,3,12850,
AA131024,17,460,
24171076,49,450,
DU221004,6,3830,
AA171025,6,22670,
24181043,7,16550,
AB181002,1,15360,
JN231200,3,3100,
DU221015,2,1500,
DJ221016,3,3390,
DJ221020,8,1100,
DH221013,19,1100,
JF231214,13,1380,
52DH0767,16,2490,
JN231202,2,2960,
DS181044,15,2690,
DH221012,37,1220,
PA231217,6,1090,
JL231204,2,2210,
DH161292,3,480,
DZ221003,6,3950,
JF231215,15,1050,
AA151036,1,3670,
JH231210,2,1150,
PA231206,5,2390,
PA231218,7,1090,
PD231202,4,990,
PF231405,1,4405,
JZ181299,7,1080,
DZ181002,3,230,
DZ181003,2,760,
PA181283,1,650,
DP161101,1,190,
PA181277,3,1130,
DD181183,87,340,
DS191044,7,690,
DS191028,10,600,
DD181176,11,260,
PF181236,10,1160,
PA181227,1,2530,
JH181207,2,2360,
PA181279,4,740,
JN181018,3,320,
JN181017,5,300,
DP181021,6,90,
DD181184,25,180,
PF181239,11,160,
PA402405,5,620,
JD181221,2,140,
JN232801,2,210,
JD113800,5,190,
JZ181208,10,230,
DD181185,2,420,
DU181047,3,640,
DS181045,6,620,
PA181278,1,660,
52JD0175,1,700,
JZ232800,5,140,
AP201115,1,None,
JN232802,2,120,
AA131074,1,210,
DU74013H,8,3440,
52DU0934,3,3610,
DU74013J,2,3070,
52DU0575,14,3690,
52DU0577,1,4410,
DU7401X4,2,2290,
56JH04X3,3,2990,
56JH047A,2,2100,
BF401145,1,9700,
YPD14001,4,12480,
JW401001,1,6140,
YPA26006,4,17720,
YPD02002,1,5890,
PF401018,1,7560,
JH401008,1,11350,
52PA0019,2,2800,
JL181203,1,1370,
52PA0554,3,1680,
JZ74033B,1,2790,
52JZ0054,1,6130,
56DH046D,1,4190,
52JZ0100,1,6130,
52PF0328,2,5460,
JZ74033F,1,2220,
JK74013F,1,4630,
52PA0018,1,2710,
52PF0622,1,4590,
AA101970,1,1540,
AA161283,9,610,
AA121136,7,840,
AA161191,15,1180,
JD113802,1,220,
JN181005,7,250,
DP161144,5,290,
DD181187,42,110,
PA231211,5,2200,
DU181107,2,2390,
PF151015,5,2850,
PD151000,1,2300,
DJ181067,1,2430,
PA151020,3,3580,
PF151000,2,1820,
JZ151070,3,2910,
JC181005,3,2370,
AA101668,1,1430,
AA161080,1,690,
CD111005,2,570,
AA101035,5,430,
AA101384,2,610,
AN101202,4,550,
AN101203,15,1810,
52JL0928,5,1280,
DH161622,2,1150,
52DH0535,2,3230,
52JD0597,1,2830,
56JL155N,1,720,
56JL154R,3,2640,
56JL15X3,3,1610,
52PA0022,1,3280,
52DH1885,1,2660,
52DH0548,1,2030,
JH181223,1,4070,
36DK0033,3,2430,
52JL0054,1,3030,
52JZ1775,1,3700,
52JZ1811,2,3110,
PA231216,1,2560,
JH231202,1,2770,
JZ231202,2,2390,
JL231201,1,1020,
JF181005,1,2190,
JD181006,2,1990,
JF231201,12,1180,
PD231201,1,1820,
52PF0773,1,3070,
JF231202,8,1090,
JL231202,1,1440,
52JZ1850,1,3670,
52PA0522,1,4320,
52JF0459,2,8050,
JD74034R,1,5530,
56JL144R,1,2400,
52JD0477,2,1300,
52JD0478,6,1290,
52JL0194,1,1950,
52JL0937,4,1280,
52JL0918,4,1410,
52JL0191,4,1640,
52JL0994,1,2150,
JD73015R,3,1530,
52JD0603,4,1600,
52JD0638,3,1630,
52JD0715,6,1730,
JD73024R,1,1310,
JD73025G,2,1600,
JD73025L,2,1440,
JD73015G,1,1510,
52JD0656,2,1450,
JD73025R,1,850,
JD73014M,2,1210,
52JF0434,1,1550,
52JF0435,1,1510,
52JD0718,4,2000,
52JD0657,2,1450,
52JD0639,2,1930,
52JL0193,4,1550,
52JD0604,1,1750,
52JL0198,2,1880,
52JL0192,2,1610,
52JL0936,3,1400,
52JL0197,2,1790,
52JL0919,1,1540,
DU221002,2,3790,
JK231201,1,1750,
JK122002,1,200,
JD551206,1,1640,
39100006,50,60,
DK101503,1,950,
GF201009,1,410,
YPA13001,1,3850,
DT511261,1,2290,
36JZ0007,27,4550,
DJ201132,2,8710,
AA101814,5,160,
22191096,15,950,
24101056,20,920,
24131046,25,830,
24191182,15,1140,
36DK0015,20,550,
AA111107,10,4290,
AN101152,2,12150,
DP101107,15,1260,
JE511230,30,1550,
AB101037,1,,NOT FOUND
PA102440,1,,NOT FOUND
DK101603,1,,NOT FOUND
24151137,30,25,NOT FOUND
DK151086,1,,NOT FOUND
24181132,44,,NOT FOUND
JD591043,3,,NOT FOUND
DU201107,1,,NOT FOUND
AA201365,1,,NOT FOUND
DJ561408,1,,NOT FOUND
JB16005,1,,NOT FOUND
JK16001,2,,NOT FOUND
DY191001,19,,NOT FOUND
JE101071,4,,NOT FOUND
36DK4005,10,,NOT FOUND
DU101048,7,,NOT FOUND
DT113038,1,,NOT FOUND
39160894,1,,NOT FOUND
KADD0345,10,,NOT FOUND
LAD00019,1,,NOT FOUND
PA134261,5,,NOT FOUND
05101085,1,,NOT FOUND
S2210040,5,,NOT FOUND
FA101325,1,,NOT FOUND
JN571004,1,,NOT FOUND
DS181076,3,,NOT FOUND
JH551407,1,,NOT FOUND
PF561411,1,,NOT FOUND
JD561401,2,,NOT FOUND
DS181091,1,,NOT FOUND
DS181001,1,,NOT FOUND
31101210,6,,NOT FOUND
PD113203,1,,NOT FOUND
AA101724,2,,NOT FOUND
24151228,5,,NOT FOUND
36JE0031,1,,NOT FOUND
AA101391,4,,NOT FOUND
39244117,14,,NOT FOUND
JB141002,3,,NOT FOUND
22042617,4,,NOT FOUND
30161079,4,,NOT FOUND
39DU1001,71,,NOT FOUND
DK131059,1,,NOT FOUND
DK161237,1,,NOT FOUND
DP181236,1,,NOT FOUND
DZ740113A,1,,NOT FOUND
PD161144,1,,NOT FOUND
PD161145,2,,NOT FOUND
PF101515,1,,NOT FOUND
DU481021,3,,NOT FOUND
JZ161016,6,,NOT FOUND
AB201005,1,,NOT FOUND
AA16180,1,,NOT FOUND
DJ731030,1,,NOT FOUND
PA321216,1,,NOT FOUND
52JL155N,1,,NOT FOUND
52JN0947,1,,NOT FOUND
52JN0951,1,,NOT FOUND
JD730152G,1,,NOT FOUND
25JL0194,1,,NOT FOUND
DJ121064,7,,NOT FOUND
GF201066,1,,NO DATA
DE191009,3,,NO DATA
19121029,1,,NO DATA
DS101062,10,,NO DATA
GF191008,1,,NO DATA
29201117,3,,NO DATA
DD201021,1,,NO DATA
JA541221,1,,NO DATA
FA191011,2,,NO DATA
JZ401036,1,,NO DATA
24150505,45,,NO DATA
DK121012,10,,NO DATA
GF191006,2,,NO DATA
DH161317,1,,NO DATA
JK730322,1,,NO DATA
AA171004,1,,NO DATA
GF161058,1,,NO DATA
DJ151023,1,,NO DATA
JK73032V,1,,NO DATA
DJ201013,1,,NO DATA
05181016,1,,NO DATA
JB181414,4,,NO DATA
AB151087,1,,NO DATA
24131006,1,,NO DATA
24151139,1,,NO DATA
AN101010,1,,NO DATA
31101035,1,,NO DATA
DZ74013A,1,,NO DATA
AA101162,,450,ZERO QUANTITY
36AA4032,3,,YELLOW LABEL
AN101328,1,,YELLOW LABEL
AE101006,3,,YELLOW LABEL
DH111012,4,,YELLOW LABEL
AA201185,4,,YELLOW LABEL
AA111091,2,,YELLOW LABEL
DS109905,9,,YELLOW LABEL
DS101036,1,,YELLOW LABEL
36DH4041,2,,YELLOW LABEL
JA531011,7,,YELLOW LABEL
AA101565,2,,YELLOW LABEL
DJ191023,1,,YELLOW LABEL
AN101166,8,,YELLOW LABEL
DH101484,3,,YELLOW LABEL
AN131032,2,,YELLOW LABEL
06101007,8,,YELLOW LABEL
AE101016,27,,YELLOW LABEL
AA201041,11,,YELLOW LABEL
AA111031,3,,YELLOW LABEL
AL201012,3,,YELLOW LABEL
24101056,3,,YELLOW LABEL
06101213,3,,YELLOW LABEL
DU101190,1,,YELLOW LABEL
AA101364,2,,YELLOW LABEL
DH171013,2,,YELLOW LABEL
24161149,15,,YELLOW LABEL
06100702,5,,YELLOW LABEL
22171007,10,,YELLOW LABEL
24171024,10,,YELLOW LABEL
AN101012,1,,YELLOW LABEL
AZ621019,3,,YELLOW LABEL
24101177,6,,YELLOW LABEL
24230401,1,,YELLOW LABEL
52AB0098,2,,YELLOW LABEL
52244040,1,,YELLOW LABEL
AZ161000,2,,YELLOW LABEL
AA101624,1,,YELLOW LABEL
AB171003,1,,YELLOW LABEL
24101054,1,,YELLOW LABEL
AE101014,1,,YELLOW LABEL
AN101308,1,,YELLOW LABEL
AA121193,2,,YELLOW LABEL
DX101054,1,,YELLOW LABEL
DS101336,32,,YELLOW LABEL
AA101598,1,,YELLOW LABEL
36JD0021,1,,YELLOW LABEL
36JZ0002,2,,YELLOW LABEL
36JK0031,2,,YELLOW LABEL
AA121336,7,,YELLOW LABEL
DK101064,5,,YELLOW LABEL
24101676,1,,YELLOW LABEL
AA101210,21,,YELLOW LABEL
36PF0045,1,,YELLOW LABEL
36DH1003,4,,YELLOW LABEL
24131046,2,,YELLOW LABEL
DF121003,3,,YELLOW LABEL
JZ571000,4,,YELLOW LABEL
DS121137,1,,YELLOW LABEL
36BA4039,2,,YELLOW LABEL
31101020,30,,YELLOW LABEL
28101167,9,,YELLOW LABEL
AA121136,3,,YELLOW LABEL
DU181107,1,,YELLOW LABEL
SAAA111081,4,,SA
SAVNAA111085A,10,,SA
SAAA171006,1,,SA
SA06101007,59,,SA
SA24100805,3,,SA
SA36211002,3,,SA
SAFA141015,19,,SA
GKAE1002,50,,SA
SA24140112,2,,SA
AVSE2150,2,,SA
GKAE1001,5,,SA
SAAE101015,1,,SA
SAAL241285,5,,SA
SAAA111095,1,,SA
SAAB151088,3,,SA
PNBAA111085A,10,,SA
SA241302095,8,,SA
SA87200,1,,SA
SA36241703,1,,SA
VA161900,1,,SA
PNBAA111086K,1,,SA
SA561207,7,,SA
SA24101122S,2,,SA
Silencer Mouth Change,15,,SA
Cabulator repair kit,6,,SA
SAAA191012,7,,SA
ACC Inner,23,,SA
Cluch Inner,18,,SA
Reverse Inner,1,,SA
SA36244016,2,,SA
SA36AB4002,1,,SA
Oil seal,19,,SA
Magnet oil seal,10,,SA
Clutch oil seal,20,,SA
VN01100339,5,,SA
VN24131004,8,,SA
VN39135519,4,,SA
VN01100355,2,,SA
GK36AE00,47,,SA
GK362401,41,,SA
VN36AA1004,7,,SA
VN24100314,1,,SA
VN22170115,4,,SA
VN39135619,4,,SA
SA24171055,12,,SA
GKDD1001,10,,SA
GKDH1001,21,,SA
GKDS1001,37,,SA
GKDS1000,3,,SA
SA22161190,3,,SA
SA25231064,2,,SA
VN24191024,1,,SA
VN22191097,2,,SA
SA22231144,1,,SA
SADH101200,3,,SA
SA24171118,10,,SA
SAAB171034,6,,SA
SA24171079,1,,SA
SA52210043,3,,SA
SA2417106,18,,SA
SABA132111,2,,SA
SABA132112,3,,SA
SA24101829,1,,SA
SA22151014,19,,SA
SA24101176,1,,SA
SADJ181044,121,,SA
SA24171076D,131,,SA
SA24131074,43,,SA
PAL Gear Inner,30,80,PAL
Gear Inner PAL,2,,PAL
Rod discover 135 PAL,2,,PAL
Playing Rod  PAL,2,,PAL
PAL Rod Palmer 150,11,,PAL
PAL Rod Discover 100,7,,PAL
PAL Rod Discover 135,2,,PAL
MILEX Gear Inner,50,80,MILEX
Signal FL - RH,4,,MINDA
Signal FL - LH,3,,MINDA
 Head Light 2ST,1,,MINDA
R Axel,4,,MINDA
F Axel,5,,MINDA
Mud Slap SD,30,80,SD
BOSCH 25201009,6,,BOSCH
CT100 Valve MB,1,,MB
6305 NACHi,31,,NACHi
6305ZZE NACHi,7,,NACHi
6004 NACHi,68,,NACHi
6204 NACHi,12,,NACHi
6304 NACHi,19,,NACHi
6302 NACHi,13,,NACHi
6301 NACHi,22,,NACHi
63 | 22X NACHi,22,,NACHi
6203 NACHi,13,,NACHi
6003 NACHi,13,,NACHi
6002 NACHi,4,,NACHi
6201 NACHi,21,,NACHi
6001 NACHi,110,,NACHi
6000 NACHi,18,,NACHi
6300 NACHi,26,,NACHi
6200 NACHi,34,,NACHi
6202 NACHi,16,,NACHi
63 | 28 JCM,7,,JCM
63 | 28 NCL,2,,NCL
Super Glue,228,50,GLUE
Swing Arm 4S,2,,ORIGINAL
Dial Bush Fiber,10,150,ORIGINAL
XCD Silencer,1,,ORIGINAL
DS - Red Black cowl,1,,ORIGINAL
03100338,8,,LOCAL
CD101008,6,,LOCAL
PD15001,3,,LOCAL
DZ05005,1,,LOCAL
DF161413,11,,LOCAL
24231699,1,,LOCAL
24165116,1,,LOCAL
Silencer 4S,1,,LOCAL
Beeding F Frame,6,,LOCAL
Beeding Joint,6,,LOCAL
Beeding R Frame,10,,LOCAL
Beeding M Gard,12,,LOCAL
2-Stoke Head,5,,LOCAL
Pulsar 200-NS Packing set,2,1550,LOCAL
Carburetor Repair Kit,9,,LOCAL
DM101139 Clamp,33,,LOCAL
DS101072 Clamp,23,,LOCAL
DV101042 Clamp,14,,LOCAL
F180260994,3,,UNKNOWN
F150010900,1,,UNKNOWN
ZXRC4001 Gasket,5,,UNKNOWN
Silencer Silking,5,,UNKNOWN
Change Plug Washer,1000,,UNKNOWN
Flash Armature,3,,UNKNOWN
Pulsar Kick Padel,1,,UNKNOWN
CT-100 gear Pedal,1,,UNKNOWN
Discover Brake Cable,3,,UNKNOWN
2S Petrol Cap,22,,UNKNOWN
ARC-Brake Washer [R],50,,UNKNOWN
ARC-Brake Rake Washer [F],11,,UNKNOWN
DU191005 Clamp,10,,UNKNOWN
Varroc Brush Set,6,,UNKNOWN
