Part Number, Quantity,Unit Price(Retail Price),Notes
DU191045,5,"2,480.00",
DU191033,3,"3,550.00",
DU191031,1,"2,870.00",
DH111072,5,6980.00,
DJ111098,2,6380.00,
DU111017,3,5700.00,
DU111001,12,3920.00,
GF201066,1,"5,400",Part Number : LPGF201066
JW351200,2,8660.00,
DJ111092,1,6820.00,
JA351200,4,6950.00,
PA351213,2,7560.00,
DK111073,1,6670.00,
JE351246,2,6300.00,
JB351201,1,5840.00,
DJ201165,1,11190.00,
DU101278,16,"2,140.00",
JD551000,3,"2,380.00",
DS101046,4,"2,720.00",
DH102285,2,"1,110.00",
JW531004,2,"2,100.00",
DS101291,1,"2,440.00",
DK101471,1,"3,490.00",
15101122,19,200.00,
CB101114,87,140.00,
13101165,43,150.00,
31101014,210,70.00,
39218919,5,210.00,
39218819,65,190.00,
AA101736,11,"1,310.00",
AA111132,2,"1,740.00",
AA111134,4,"1,890.00",
AN111017,5,"1,140.00",
36AA4032,24,"4,420.00",
Y-36AA4032,3,,  
AA101392,4,"3,230.00",
AA101864,4,"4,640.00",
AA101048,1,"7,900.00",
AA101666,27,"3,690.00",
BF531058,1,"1,870.00",
AN101338,10,"4,280.00",
AN101328,3,"3,850.00",
Y-AN101328,1,,
AA101056,8,"3,470.00",
AN101339,14,"2,810.00",
AA101555,7,"3,700.00",
AA101057,9,"5,440.00",
JN181004,1,450.00,
Y-AE101006,3,,
AA101046,1,"3,800.00",
AA111093,4,"1,580.00",
PD401014,3,"1,580.00",
AA111081,5,"1,510.00",
AA111080,2,"1,070.00",
24201415,3,"1,340.00",
AL201039,1,"1,100.00",
BH401004,2,190.00,
DH101188,22,"2,160.00",
JL511219,3,630.00,
JD511004,9,800.00,
AN101181,13,670.00,
JF511052,2,540.00,
DH111012,11,"1,020.00",
JB511018,2,690.00,
CL201023,56,530.00,
Y-DH111012,4,,
PF511061,3,680.00,
AZ351002,1,"7,060.00",
AN111013,13,"5,520.00",
AA111203,4,"6,470.00",
AA201239,9,"1,120.00",
36AA4028,6,"1,950.00",
AA181028,1,"4,540.00",
DH201077,1,"1,250.00",
24181153,3,"5,140.00",
AA181019,2,"4,760.00",
AA181015,1,"4,200.00",
24101050,10,"2,270.00",
Y-AA201185,4,,
AA201185,5,"1,380.00",
AA111122,10,"6,290.00",
AA201048,6,620.00,
AF111016,1,"6,470.00",
AA111178,2,"6,000.00",
AA111091,10,"3,910.00",
Y-AA111091,2,,
24111128,2,"1,760.00",
AA111156,25,"5,800.00",
3100802,4,620.00,
35101178,10,"3,230.00",
35101170,11,840.00,
24171118,1,"4,410.00",
AA131033,2,"2,730.00",
24101055,6,"6,900.00",
AN101198,11,"2,000.00",
AN101379,4,"4,010.00",
AE131011,3,"6,520.00",
AA131002,4,"9,290.00",
AN101336,6,"7,550.00",
JG591100,35,80.00,
AA102193,16,190.00,
AN101155,14,710.00,
LAD00164,1,370.00,
39218106,84,70.00,
AA102110,21,110.00,
39252820,1,330.00,
AA102114,4,140.00,
DK101277,1,100.00,
DS161069,1,30.00,
DS101036,206,"1,350.00",
DH101050,162,"1,100.00",
Y-DS109905,9,,
Y-DS101036,1,,
JL511222,4,"2,860.00",
DH161158,1,40.00,
AA101015,15,130.00,
AA101116,149,630.00,
AA101134,81,540.00,
AA101569,124,960.00,
31101033,194,"1,130.00",
36DS1801,9,710.00,
DS191037,1,320.00,
PF561200,2,1560.00,
DK101733,4,"1,920.00",
JH561402,2,"1,240.00",
DD121181,9,250.00,
DS101077,6,"2,180.00",
DU101103,8,"1,770.00",
DS121003,1,210.00,
DT131826,1,"5,980.00",
JF131806,1,"11,750.00",
DK151012,4,180.00,
DK181019,54,600.00,
DK181021,13,310.00,
DG181021,5,510.00,
PF121073,7,540.00,
DU181108,1,450.00,
DG181023,26,690.00,
DD181011,5,280.00,
FA171008,2,330.00,
AN101135,44,270.00,
AN101149,22,840.00,
AP201026,5,390.00,
36AA4021,11,"1,270.00",
36AA4020,29,"1,430.00",
PA161202,4,810,
PA161203,2,800,
PD161204,1,700,
DU191006,11,890.00,
DS191001,20,760,
DU191047,16,920.00,
DM191005,16,1100,
DJ191061,47,770,
JD161200,5,890,
DJ191008,16,620,
DV191004,3,690,
JF161202,1,930,
JF161206,3,1160,
DT161204,4,860,
JC191019,1,810,
DD191132,8,910,
JB161200,9,540,
JB161203,4,260,
PF161201,1,840,
31191027,3,710,
PF161211,3,640,
PF161218,1,790,
JZ161221,1,920,
AA101706,13,330,
DH111034,16,850,
JA351610,18,230,
JA351609,32,260,
JA351608,12,120,
36DH4041,35,2140,
Y-36DH4041,2,,
JA531011,68,"1,630.00",
Y-JA531011,7,,
AA101565,55,580,
Y-AA101565,2,,
JZ161203,19,1230,
JZ161208,5,1350,
JZ161200,14,1130,
JC191004,1,1100,
FD191002,4,620,
JK161200,1,670,
PF161212,5,1150,       
PF161219,1,820,
DD201024,23,350,
PD402002,14,270,
DJ191081,5,880,
DJ181027,1,,NOT FOUND
FD181030,22,150,
PF161010,4,490,
DJ191054,1,1100,
DS181019,1,230,
AN131039,258,40,
31111056,10,"1,600.00",
31111058,3,600,
DU101214,1,"3,030.00",
JD551002,7,"1,680.00",
JA551002,7,50,
PF551003,5,"1,390.00",
JH551001,1,610,
JF561205,1,"1,210.00",
JY551008,1,"1,600.00",
AA121010,272,130,
28101080,30,30,
AA101491,33,30,
JE511067,15,30,
AA101622,60,50,
AA131004,29,60,
CS101128,50,40,
AA101084,19,30,
AA102082,3,30,
DS201025,13,870,
DJ201028,6,880,
JZ511004,7,"3,960.00",
DZ101075,5,"3,260.00",
DS101189,1,"3,170.00",
JW511201,6,"3,050.00",
PF511222,1,"2,950.00",
JN511202,7,"4,720.00",
JE511251,3,"4,080.00",
DH101411,1,"2,880.00",
GF101089,3,"2,060.00",
PF511209,3,"3,070.00",
JE511239,2,"3,320.00",
DJ101135,1,950,
JZ161207,40,780,
AA101588,9,"3,280.00",
AA101779,6,"2,810.00",
AA101602,4,"1,690.00",
24101076,6,"2,070.00",
24131009,13,"1,560.00",
AN101341,3,"1,730.00",
AN101342,2,"1,470.00",
AA101031,2,"1,950.00",
24101804,1,"3,040.00",
24100703,4,"2,010.00",
AA101052,5,"3,380.00",
AA101780,4,"3,010.00",
AA101781,2,"3,200.00",
AA101053,1,"3,100.00",
AA101122,1,"3,280.00",
AA101051,7,"3,340.00",
24101806,2,"2,970.00",
AA101782,1,"3,040.00",
JG551447,114,370,
36JZ0199,17,700,
36PF0087,2,540,
PD551433,10,370,
DP101111,1,220,
36JZ0198,8,"2,120.00",
30101096,23,180,
DK101151,6,250,
DK101565,62,350,
DH101098,172,320,
36PD0050,8,"1,260.00",
DJ191023,6,980,
DK151073,15,"1,850.00",
36DH4173,1,350,
DE191043,1,"1,490.00",
DK151031,5,"5,500.00",
Y-DJ191023,1,,
AB151054,10,"1,100.00",
AA111082,24,"3,890.00",
AA111089,3,"5,480.00",
AP201130,1,5380,
AF111010,9,2140,
24131032,16,330,
22131014,56,130,
24130113,1,20,
22131018,7,780,
59200012,18,450,
36224004,11,950,
24111065,15,1660,
24111062,16,1420,
CD111004,16,540,
24111099,9,1100,
Y-AAS7001,3,,
06111279,5,490,
AA111052,1,670,
AN101257,29,630,
AN101166,30,270,
Y-AN101166,8,,
36BA4009,5,3420,
30161158,22,130,
DH161066,8,100,
AZ161001,37,180,
DK191013,5,80,
JM191012,5,60,
AA191063,5,180,
AA191117,3,200,
JD561204,1,80,
36JE0005,2,4330,
36PD0055,9,5770,
36DH4027,5,3020,
36JZ0121,2,6060,
36JY0103,1,12500,
36DK0074,3,3510,
36DH4117,14,4750,
36JH0004,7,3120,
36JU0002,1,7150,
36PF0086,5,3640,
36JH0033,1,2420,
31101041,82,120,
36JA0020,21,1780,
28101118,118,140,
39103519,892,160,
39201719,78,200,
36AA1004,61,740,
JA511012,20,1130,
JE511038,21,680,
JE511022,16,470,
36241010,31,800,
36102401,8,790,
JV511012,27,900,
JD511010,36,600,
24181046,19,530,
AA111085,18,"1,450.00",
BA132110,2,90,
Y-SAAA111081,4,,
Y-SAVNAA111085A,10,,
Y-F180260994,3,,
AB151069,3,490,
AB151072,1,610,
AP111023,28,350,
BA201033,7,290,
24201421,20,670,
AB201077,3,930,
AB201075,3,310,
AL201031,1,910,
DJ191057,29,820,
DG191012,1,890,
DJ191083,16,640,
DJ191055,27,750,
DE191009,3,,NO DATA
DD191141,8,720,
GF191019,1,490,
30191023,1,470,
DK101573,4,490,
DH101484,8,440,
JL113027,3,460,
31101006,1,220,
YDH101484,3,,NOT FOUND
31101137,17,290,
JH541217,1,300,
JE551405,9,500,
52DH0177,4,1110,
AA101474,2,120,
JA551405,1,420,
DK101338,2,410,
DH101142,3,750,
56DJ4E1Y,1,400,
DH121167,1,760,
30161157,15,220,
JA113201,7,240,
DX101035,2,420,
DS161112,4,280,
DD111048,26,440,
DD111011,22,130,
DH111016,20,130,
DH111015,21,470,
JB402202,12,80,
DH111013,14,120,
JD561417,4,110,
DK111011,5,350,
DJ151072,1,410,
JF351212,2,210,
AA111148,1,90,
AN101258,3,170,
JD232805,1,30,
DJ151073,1,130,
AA101564,62,560,
36DJ4104,20,490,
36DH4177,4,510,
DK151088,3,1230,
DJ151075,2,2800,
36DK0070,1,890,
DH101557,86,310,
36DD4008,52,1630,
DJ151088,1,1200,
36DH4025,20,2290,
DK141013,1,1010,
DD161107,2,940,
DD141024,2,3010,
DU141061,2,2040,
DH141048,3,510,
24181032,2,690,
BB201030,5,640,
36244044,1,580,
JN351604,19,1870,
DK201078,11,1850,
AP201029,25,1150,
AF201001,10,860,
DK201016,3,1270,
JZ401013,3,1820,
AL201024,6,400,
JL402005,2,2450,
JL511029,1,350,
JL601237,1,1470,
JY551402,8,7710,
JG621413,3,3660,
JY571015,1,910,
36DU1205,31,930,
JA581221,53,710,
36JZ0016,12,340,
JN581207,18,580,
AA201313,4,4590,
AA201194,2,2380,
AA201272,1,3300,
AA201278,1,3570,
24121118,16,5790,
AA121280,1,10240,
AA121208,1,10410,
AA121097,1,10310,
AA131036,6,1820,
DH121097,1,15650,
DU121009,1,9290,
AN131023,31,1830,
Y-AN131032,2,,
AA131063,10,1970,
AN101116,6,1680,
JA541011,13,380,
39100820,16,320,
03100621,14,180,
JG541015,5,440,
39199020,10,250,
AP101243,7,260,
24171014,49,90,
39043501,50,40,
39011904,143,40,
AB171016,39,360,
24171049,25,200,
AB171040,1,130,
AA171022,6,310,
AA171006,1,490,
Y-SAAA171006,1,,
AB101067,40,1300,
35101059,3,"1,990.00",
06101056,4,1620,
AA121105,2,390,
JA581223,14,550,
24121076,18,100,
AE121007,12,130,
24121077,16,140,
36222256,59,260,
AA101143,51,100,
CD101102,4,130,
Y-SA06101007,59,,
Y-06101007,8,,
AA121104,13,140,
24121065,18,140,
24121060,3,630,
JA581236,30,40,
AA121214,14,240,
36AA4044,2,1080,
24121368,1,850,
24121072,1,240,
36AF0008,9,230,
AB121024,3,70,
24121066,15,920,
36AA4013,1,1920,
AB121023,1,340,
36AA4012,3,1730,
JN581203,2,420,
24121028,4,40,
24121075,2,1310,
24121064,2,90,
JB541201,5,65,
AB121028,19,150,
AA121187,5,320,
JB581237,2,110,
JZ581216,1,240,
AB101037,1,,NOT FOUND
36PA0186,2,480,
36AA4082,2,1700,
36JK0019,9,360,
DH121093,9,1150,
DJ121045,2,100,
JN581212,3,850,
GF121056,4,1900,
36DS1202,1,880,
36JZ0031,1,2180,
JN561208,1,,NOT FOUND
36PA0125,1,2220,
36DU1202,1,300,
39104319,1,140,
39104119,36,120,
39104619,111,90,
39186919,1,130,
39191719,100,160,
39213319,44,120,
39219019,38,120,
DS101059,33,120,
24191019,1,130,
DH101125,3,130,
AN131022,1,150,
AA101209,2,190,
EC401030,12,960,
JC201009,2,1830,
DK201043,1,2500,
AN101190,17,720,
AA121006,8,190,
AA101261,5,"1,340.00",
AE101016K,27,"1,800.00",
Y-AE101016,27,,
Y-SA24100805,3,,
AE101016,3,330,
AA201041,22,290,
31201081,1,320,
AF201146,1,800,
Y-AA201041,11,,
Y-AA111031,3,,
AB181017,4,110,
07181009,1,190,
22181058,6,230,
22180219,4,90,
DG141019,15,120,
36AA4018,4,590,
AP111054,7,420,
AA111086,4,150,
24111100,1,4780,
AF201248,1,6600,
Y-F150010900,1,,
39171519,76,80,
39104219,55,140,
39108019,104,120,
PA351202,2,1190,
DF111033,2,1100,
DS111035,7,1150,
DH111111,9,920,
JA351204,1,1550,
TE006302,2,560,
PF401417,4,1340,
JL401405,2,3310,
DZ201044,2,940,
PD401401,1,2700,
JB401401,3,1940,
DU201018,1,930,
DF201053,2,2170,
DS201033,3,2180,
JH401400,4,2320,
JF401401,1,4850,
JH401402,1,430,
JL401409,1,4020,
DK111072,1,8650,
PF351206,1,5720,
JH401401,1,770,
PD401404,1,3690,
JZ401408,2,980,
36DU4026,14,3780,
YPA13007,1,390,
JF531007,3,4660,
PD402400,1,14250,
YPF08011 ,1,1030,
24121074,14,660,
24121070,30,930,
36PA0013,7,420,
24121080,3,170,
19121029,1,,NOT FOUND
36PA0012,2,500,
DK121059,3,930,
DH121141,2,1720,
DS121060,1,280,
JZ551205,1,270,
28121044,1,780,
36PA0156,1,2620,
DD121072,2,200,
31151060,3,770,
DU201062,12,2140,
DJ201102,6,3290,
DJ201016,2,4130,
DS201003,4,2900,
DH201018,3,2650,
PF402000,4,2730,
FD201059,1,1280,
30151105,22,820,
DS101062,1,,NOT FOUND
13101024,20,150,
AA101137,37,120,
DK101751,43,140,
DS101032,8,120,
JL511205,8,200,
DU101065,1,130,
DH101171,1,120,
DK101176,2,140,
31101021,17,110,
JE511225,2,160,
JD561006,1,160,
DK101748,4,150,